Dataset,Model,Orig_Acc,WM_Acc,Orig_Prec,WM_Prec,Orig_Rec,WM_Rec,Orig_F1,WM_F1
Cora,GCN,89.66789841651917,84.13284420967102,88.6219691206678,83.32876005525982,88.23163638809388,82.89809234470832,88.35853654049461,82.5825310834204
Cora,GAT,87.45387196540833,84.87085103988647,86.54494712532974,82.31168657404832,85.70806824019505,84.45884953046551,85.96213458270947,83.14526425207494
Cora,GraphSAGE,89.11439180374146,88.00737857818604,88.0702271599372,86.65097795001036,88.19873025658526,87.27810288181888,88.04267416910282,86.89228397245638
Pubmed,GCN,87.5507116317749,87.88032531738281,87.18990505222139,87.26830177695302,86.70836383289688,87.29368627801712,86.93105183825048,87.28064108854731
Pubmed,GAT,86.53650879859924,85.57302355766296,85.99267419148174,85.06165691450249,85.6303030666453,84.9242446882298,85.79461199084021,84.99195326174522
Pubmed,GraphSAGE,89.24949169158936,86.79006099700928,89.0222140810542,86.41444008386645,89.03682025075543,86.57907178157201,89.00099845318402,86.49512785816272
